id,paht,subject
An11DS04F,Log_PhD/wav_dataset/An11DS04F.wav,Bye
An12DS02F,Log_PhD/wav_dataset/An12DS02F.wav,Statement
An12DS03M,Log_PhD/wav_dataset/An12DS03M.wav,Statement
An12DS04F,Log_PhD/wav_dataset/An12DS04F.wav,Statement
An13DS02F,Log_PhD/wav_dataset/An13DS02F.wav,whQuestion
An13DS03M,Log_PhD/wav_dataset/An13DS03M.wav,whQuestion
An13DS04F,Log_PhD/wav_dataset/An13DS04F.wav,whQuestion
An14DS02F,Log_PhD/wav_dataset/An14DS02F.wav,Statement
An14DS03M,Log_PhD/wav_dataset/An14DS03M.wav,whQuestion
An14DS04F,Log_PhD/wav_dataset/An14DS04F.wav,whQuestion
An15DS02F,Log_PhD/wav_dataset/An15DS02F.wav,Statement
An15DS03M,Log_PhD/wav_dataset/An15DS03M.wav,Statement
An15DS04F,Log_PhD/wav_dataset/An15DS04F.wav,Statement
An51DS02F,Log_PhD/wav_dataset/An51DS02F.wav,Statement
An51DS03M,Log_PhD/wav_dataset/An51DS03M.wav,Statement
An51DS04F,Log_PhD/wav_dataset/An51DS04F.wav,Statement
An52DS02F,Log_PhD/wav_dataset/An52DS02F.wav,Statement
An52DS03M,Log_PhD/wav_dataset/An52DS03M.wav,Statement
An52DS04F,Log_PhD/wav_dataset/An52DS04F.wav,Statement
An53DS02F,Log_PhD/wav_dataset/An53DS02F.wav,Statement
An53DS03M,Log_PhD/wav_dataset/An53DS03M.wav,Continuer
An53DS04F,Log_PhD/wav_dataset/An53DS04F.wav,Statement
An54DS02F,Log_PhD/wav_dataset/An54DS02F.wav,Statement
An54DS03M,Log_PhD/wav_dataset/An54DS03M.wav,Statement
An54DS04F,Log_PhD/wav_dataset/An54DS04F.wav,Statement
An55DS02F,Log_PhD/wav_dataset/An55DS02F.wav,Bye
An55DS03M,Log_PhD/wav_dataset/An55DS03M.wav,Bye
An55DS04F,Log_PhD/wav_dataset/An55DS04F.wav,Bye
Di18DS02F,Log_PhD/wav_dataset/Di18DS02F.wav,whQuestion
Di18DS03M,Log_PhD/wav_dataset/Di18DS03M.wav,whQuestion
Di18DS04F,Log_PhD/wav_dataset/Di18DS04F.wav,whQuestion
Di19DS02F,Log_PhD/wav_dataset/Di19DS02F.wav,Statement
Di19DS03M,Log_PhD/wav_dataset/Di19DS03M.wav,Statement
Di19DS04F,Log_PhD/wav_dataset/Di19DS04F.wav,Statement
Di20DS03M,Log_PhD/wav_dataset/Di20DS03M.wav,Statement
Di20DS04F,Log_PhD/wav_dataset/Di20DS04F.wav,Statement
Di56DS04F,Log_PhD/wav_dataset/Di56DS04F.wav,Statement
Di57DS02F,Log_PhD/wav_dataset/Di57DS02F.wav,whQuestion
Di57DS03M,Log_PhD/wav_dataset/Di57DS03M.wav,whQuestion
Di57DS04F,Log_PhD/wav_dataset/Di57DS04F.wav,whQuestion
Di58DS02F,Log_PhD/wav_dataset/Di58DS02F.wav,Statement
Di58DS03M,Log_PhD/wav_dataset/Di58DS03M.wav,Statement
Di58DS04F,Log_PhD/wav_dataset/Di58DS04F.wav,Statement
Di59DS02F,Log_PhD/wav_dataset/Di59DS02F.wav,Statement
Di59DS03M,Log_PhD/wav_dataset/Di59DS03M.wav,Statement
Di59DS04F,Log_PhD/wav_dataset/Di59DS04F.wav,Statement
Di60DS02F,Log_PhD/wav_dataset/Di60DS02F.wav,Statement
Di60DS04F,Log_PhD/wav_dataset/Di60DS04F.wav,Statement
F01_0001,Log_PhD/wav_dataset/F01_0001.wav,Statement
F01_0003,Log_PhD/wav_dataset/F01_0003.wav,Statement
F01_0008,Log_PhD/wav_dataset/F01_0008.wav,whQuestion
F01_0014,Log_PhD/wav_dataset/F01_0014.wav,Statement
F01_0020,Log_PhD/wav_dataset/F01_0020.wav,Statement
F01_0022,Log_PhD/wav_dataset/F01_0022.wav,Statement
F01_0027,Log_PhD/wav_dataset/F01_0027.wav,Statement
F01_0028,Log_PhD/wav_dataset/F01_0028.wav,Emphasis
F01_0030,Log_PhD/wav_dataset/F01_0030.wav,Statement
F01_0031,Log_PhD/wav_dataset/F01_0031.wav,Statement
F01_0032,Log_PhD/wav_dataset/F01_0032.wav,Greet
F01_0035,Log_PhD/wav_dataset/F01_0035.wav,whQuestion
F01_0055 (1),Log_PhD/wav_dataset/F01_0055 (1).wav,Statement
F01_0055,Log_PhD/wav_dataset/F01_0055.wav,Statement
F01_0056 (1),Log_PhD/wav_dataset/F01_0056 (1).wav,Statement
F01_0056,Log_PhD/wav_dataset/F01_0056.wav,Statement
F01_0077,Log_PhD/wav_dataset/F01_0077.wav,Statement
F01_0078,Log_PhD/wav_dataset/F01_0078.wav,Statement
F01_0093,Log_PhD/wav_dataset/F01_0093.wav,Statement
F01_0106,Log_PhD/wav_dataset/F01_0106.wav,whQuestion
F01_0114,Log_PhD/wav_dataset/F01_0114.wav,Statement
F01_0116,Log_PhD/wav_dataset/F01_0116.wav,Statement
F01_0126,Log_PhD/wav_dataset/F01_0126.wav,Statement
F01_0127,Log_PhD/wav_dataset/F01_0127.wav,Statement
F01_0130,Log_PhD/wav_dataset/F01_0130.wav,Statement
F01_0132,Log_PhD/wav_dataset/F01_0132.wav,Statement
F03_S11,Log_PhD/wav_dataset/F03_S11.wav,Statement
F03_S1107,Log_PhD/wav_dataset/F03_S1107.wav,Statement
F03_S111,Log_PhD/wav_dataset/F03_S111.wav,Statement
F03_S1116,Log_PhD/wav_dataset/F03_S1116.wav,Statement
F03_S112,Log_PhD/wav_dataset/F03_S112.wav,Statement
F03_S1121,Log_PhD/wav_dataset/F03_S1121.wav,Statement
F03_S1135,Log_PhD/wav_dataset/F03_S1135.wav,Statement
F03_S1141,Log_PhD/wav_dataset/F03_S1141.wav,Statement
F03_S1142,Log_PhD/wav_dataset/F03_S1142.wav,Statement
F03_S1144,Log_PhD/wav_dataset/F03_S1144.wav,Statement
F03_S1148,Log_PhD/wav_dataset/F03_S1148.wav,Statement
F03_S1150,Log_PhD/wav_dataset/F03_S1150.wav,Statement
F03_S1152,Log_PhD/wav_dataset/F03_S1152.wav,Statement
F03_S1157,Log_PhD/wav_dataset/F03_S1157.wav,Statement
F03_S1167,Log_PhD/wav_dataset/F03_S1167.wav,Statement
F03_S1168,Log_PhD/wav_dataset/F03_S1168.wav,Statement
F03_S1170,Log_PhD/wav_dataset/F03_S1170.wav,Statement
F03_S1174,Log_PhD/wav_dataset/F03_S1174.wav,whQuestion
F03_S1175,Log_PhD/wav_dataset/F03_S1175.wav,Statement
F03_S1179,Log_PhD/wav_dataset/F03_S1179.wav,Statement
F03_S1182,Log_PhD/wav_dataset/F03_S1182.wav,Continuer
F03_S1184,Log_PhD/wav_dataset/F03_S1184.wav,Statement
F03_S1185,Log_PhD/wav_dataset/F03_S1185.wav,Statement
F03_S1188,Log_PhD/wav_dataset/F03_S1188.wav,Statement
F03_S1190,Log_PhD/wav_dataset/F03_S1190.wav,Statement
F03_S1194,Log_PhD/wav_dataset/F03_S1194.wav,Statement
F03_S1196,Log_PhD/wav_dataset/F03_S1196.wav,Statement
F03_S123,Log_PhD/wav_dataset/F03_S123.wav,Statement
F03_S124,Log_PhD/wav_dataset/F03_S124.wav,whQuestion
F03_S125,Log_PhD/wav_dataset/F03_S125.wav,Statement
F03_S128,Log_PhD/wav_dataset/F03_S128.wav,Statement
F03_S130,Log_PhD/wav_dataset/F03_S130.wav,Statement
F03_S131,Log_PhD/wav_dataset/F03_S131.wav,Statement
F03_S137,Log_PhD/wav_dataset/F03_S137.wav,Statement
F03_S153,Log_PhD/wav_dataset/F03_S153.wav,Statement
F03_S155,Log_PhD/wav_dataset/F03_S155.wav,Statement
F03_S170,Log_PhD/wav_dataset/F03_S170.wav,whQuestion
F03_S172,Log_PhD/wav_dataset/F03_S172.wav,Statement
F03_S175,Log_PhD/wav_dataset/F03_S175.wav,Statement
F03_S188,Log_PhD/wav_dataset/F03_S188.wav,Statement
F03_S195,Log_PhD/wav_dataset/F03_S195.wav,Statement
F03_S196,Log_PhD/wav_dataset/F03_S196.wav,Statement
F03_S210,Log_PhD/wav_dataset/F03_S210.wav,Statement
F03_S2100,Log_PhD/wav_dataset/F03_S2100.wav,Statement
F03_S2114,Log_PhD/wav_dataset/F03_S2114.wav,Emphasis
F03_S2118,Log_PhD/wav_dataset/F03_S2118.wav,Statement
F03_S2126,Log_PhD/wav_dataset/F03_S2126.wav,Statement
F03_S2127,Log_PhD/wav_dataset/F03_S2127.wav,Statement
F03_S2128,Log_PhD/wav_dataset/F03_S2128.wav,Statement
F03_S2129,Log_PhD/wav_dataset/F03_S2129.wav,Continuer
F03_S2137,Log_PhD/wav_dataset/F03_S2137.wav,Statement
F03_S2138,Log_PhD/wav_dataset/F03_S2138.wav,Statement
F03_S2139,Log_PhD/wav_dataset/F03_S2139.wav,Statement
F03_S2143,Log_PhD/wav_dataset/F03_S2143.wav,Statement
F03_S2145,Log_PhD/wav_dataset/F03_S2145.wav,Statement
F03_S2149,Log_PhD/wav_dataset/F03_S2149.wav,Statement
F03_S2154,Log_PhD/wav_dataset/F03_S2154.wav,Statement
F03_S2155,Log_PhD/wav_dataset/F03_S2155.wav,Statement
F03_S2157,Log_PhD/wav_dataset/F03_S2157.wav,Statement
F03_S2159,Log_PhD/wav_dataset/F03_S2159.wav,Continuer
F03_S2161,Log_PhD/wav_dataset/F03_S2161.wav,Statement
F03_S2163,Log_PhD/wav_dataset/F03_S2163.wav,Statement
F03_S2165,Log_PhD/wav_dataset/F03_S2165.wav,Statement
F03_S2168,Log_PhD/wav_dataset/F03_S2168.wav,Statement
F03_S217,Log_PhD/wav_dataset/F03_S217.wav,Statement
F03_S2175,Log_PhD/wav_dataset/F03_S2175.wav,Statement
F03_S2183,Log_PhD/wav_dataset/F03_S2183.wav,whQuestion
F03_S2184,Log_PhD/wav_dataset/F03_S2184.wav,Continuer
F03_S2185,Log_PhD/wav_dataset/F03_S2185.wav,Statement
F03_S2186,Log_PhD/wav_dataset/F03_S2186.wav,Statement
F03_S2188,Log_PhD/wav_dataset/F03_S2188.wav,Statement
F03_S2192,Log_PhD/wav_dataset/F03_S2192.wav,Statement
F03_S220,Log_PhD/wav_dataset/F03_S220.wav,Statement
F03_S2200,Log_PhD/wav_dataset/F03_S2200.wav,Statement
F03_S2201,Log_PhD/wav_dataset/F03_S2201.wav,Statement
F03_S2208,Log_PhD/wav_dataset/F03_S2208.wav,Statement
F03_S2209,Log_PhD/wav_dataset/F03_S2209.wav,Statement
F03_S221,Log_PhD/wav_dataset/F03_S221.wav,Statement
F03_S2213,Log_PhD/wav_dataset/F03_S2213.wav,Statement
F03_S2215,Log_PhD/wav_dataset/F03_S2215.wav,Statement
F03_S2222,Log_PhD/wav_dataset/F03_S2222.wav,whQuestion
F03_S2223,Log_PhD/wav_dataset/F03_S2223.wav,Statement
F03_S2226,Log_PhD/wav_dataset/F03_S2226.wav,Statement
F03_S2229,Log_PhD/wav_dataset/F03_S2229.wav,whQuestion
F03_S2231,Log_PhD/wav_dataset/F03_S2231.wav,Statement
F03_S2234,Log_PhD/wav_dataset/F03_S2234.wav,Greet
F03_S2235,Log_PhD/wav_dataset/F03_S2235.wav,Greet
F03_S2237,Log_PhD/wav_dataset/F03_S2237.wav,Statement
F03_S2240,Log_PhD/wav_dataset/F03_S2240.wav,ynQuestion
F03_S2243,Log_PhD/wav_dataset/F03_S2243.wav,Statement
F03_S2244,Log_PhD/wav_dataset/F03_S2244.wav,Statement
F03_S2250,Log_PhD/wav_dataset/F03_S2250.wav,Statement
F03_S2251,Log_PhD/wav_dataset/F03_S2251.wav,Statement
F03_S2261,Log_PhD/wav_dataset/F03_S2261.wav,Continuer
F03_S2266,Log_PhD/wav_dataset/F03_S2266.wav,Statement
F03_S2275,Log_PhD/wav_dataset/F03_S2275.wav,Statement
F03_S2278,Log_PhD/wav_dataset/F03_S2278.wav,ynQuestion
F03_S228,Log_PhD/wav_dataset/F03_S228.wav,whQuestion
F03_S2284,Log_PhD/wav_dataset/F03_S2284.wav,yAnswer
F03_S229,Log_PhD/wav_dataset/F03_S229.wav,Statement
F03_S2290,Log_PhD/wav_dataset/F03_S2290.wav,Statement
F03_S2294,Log_PhD/wav_dataset/F03_S2294.wav,Statement
F03_S2295,Log_PhD/wav_dataset/F03_S2295.wav,Statement
F03_S2297,Log_PhD/wav_dataset/F03_S2297.wav,Statement
F03_S2298,Log_PhD/wav_dataset/F03_S2298.wav,Emphasis
F03_S2303,Log_PhD/wav_dataset/F03_S2303.wav,Statement
F03_S2304,Log_PhD/wav_dataset/F03_S2304.wav,Statement
F03_S231,Log_PhD/wav_dataset/F03_S231.wav,Reject
F03_S2315,Log_PhD/wav_dataset/F03_S2315.wav,Statement
F03_S232,Log_PhD/wav_dataset/F03_S232.wav,Statement
F03_S2321,Log_PhD/wav_dataset/F03_S2321.wav,Statement
F03_S2322,Log_PhD/wav_dataset/F03_S2322.wav,Statement
F03_S233,Log_PhD/wav_dataset/F03_S233.wav,whQuestion
F03_S2330,Log_PhD/wav_dataset/F03_S2330.wav,ynQuestion
F03_S2339,Log_PhD/wav_dataset/F03_S2339.wav,Statement
F03_S2344,Log_PhD/wav_dataset/F03_S2344.wav,Statement
F03_S2345,Log_PhD/wav_dataset/F03_S2345.wav,Statement
F03_S2351,Log_PhD/wav_dataset/F03_S2351.wav,Statement
F03_S2354,Log_PhD/wav_dataset/F03_S2354.wav,Statement
F03_S2364,Log_PhD/wav_dataset/F03_S2364.wav,ynQuestion
F03_S2366,Log_PhD/wav_dataset/F03_S2366.wav,Statement
F03_S2367,Log_PhD/wav_dataset/F03_S2367.wav,Statement
F03_S2368,Log_PhD/wav_dataset/F03_S2368.wav,Statement
F03_S237,Log_PhD/wav_dataset/F03_S237.wav,Bye
F03_S2372,Log_PhD/wav_dataset/F03_S2372.wav,Statement
F03_S2376,Log_PhD/wav_dataset/F03_S2376.wav,Statement
F03_S2383,Log_PhD/wav_dataset/F03_S2383.wav,ynQuestion
F03_S2400,Log_PhD/wav_dataset/F03_S2400.wav,whQuestion
F03_S2401,Log_PhD/wav_dataset/F03_S2401.wav,Statement
F03_S2404,Log_PhD/wav_dataset/F03_S2404.wav,Statement
F03_S2405,Log_PhD/wav_dataset/F03_S2405.wav,Continuer
F03_S2406,Log_PhD/wav_dataset/F03_S2406.wav,Statement
F03_S2412,Log_PhD/wav_dataset/F03_S2412.wav,Statement
F03_S2415,Log_PhD/wav_dataset/F03_S2415.wav,whQuestion
F03_S2422,Log_PhD/wav_dataset/F03_S2422.wav,Statement
F03_S2423,Log_PhD/wav_dataset/F03_S2423.wav,Statement
F03_S243,Log_PhD/wav_dataset/F03_S243.wav,Statement
F03_S254,Log_PhD/wav_dataset/F03_S254.wav,Statement
F03_S255,Log_PhD/wav_dataset/F03_S255.wav,whQuestion
F03_S258,Log_PhD/wav_dataset/F03_S258.wav,Statement
F03_S26,Log_PhD/wav_dataset/F03_S26.wav,Statement
F03_S263,Log_PhD/wav_dataset/F03_S263.wav,Statement
F03_S27,Log_PhD/wav_dataset/F03_S27.wav,Statement
F03_S272,Log_PhD/wav_dataset/F03_S272.wav,Statement
F03_S28,Log_PhD/wav_dataset/F03_S28.wav,Statement
F03_S280,Log_PhD/wav_dataset/F03_S280.wav,Statement
F03_S285,Log_PhD/wav_dataset/F03_S285.wav,Statement
F03_S287,Log_PhD/wav_dataset/F03_S287.wav,Statement
F03_S291,Log_PhD/wav_dataset/F03_S291.wav,Statement
F03_S297,Log_PhD/wav_dataset/F03_S297.wav,Statement
F03_S298,Log_PhD/wav_dataset/F03_S298.wav,Statement
F03_S3_0001,Log_PhD/wav_dataset/F03_S3_0001.wav,Statement
F03_S3_0007,Log_PhD/wav_dataset/F03_S3_0007.wav,whQuestion
F03_S3_0009,Log_PhD/wav_dataset/F03_S3_0009.wav,Statement
F03_S3_0022,Log_PhD/wav_dataset/F03_S3_0022.wav,Statement
F03_S3_0023,Log_PhD/wav_dataset/F03_S3_0023.wav,Statement
F03_S3_0025,Log_PhD/wav_dataset/F03_S3_0025.wav,Statement
F03_S3_0030,Log_PhD/wav_dataset/F03_S3_0030.wav,Statement
F03_S3_0032,Log_PhD/wav_dataset/F03_S3_0032.wav,Statement
F03_S3_0038,Log_PhD/wav_dataset/F03_S3_0038.wav,Statement
F03_S3_0041,Log_PhD/wav_dataset/F03_S3_0041.wav,Greet
F03_S3_0044,Log_PhD/wav_dataset/F03_S3_0044.wav,Statement
F03_S3_0047,Log_PhD/wav_dataset/F03_S3_0047.wav,Statement
F03_S3_0048,Log_PhD/wav_dataset/F03_S3_0048.wav,Statement
F03_S3_0050,Log_PhD/wav_dataset/F03_S3_0050.wav,Statement
F03_S3_0055,Log_PhD/wav_dataset/F03_S3_0055.wav,Statement
F03_S3_0056,Log_PhD/wav_dataset/F03_S3_0056.wav,Statement
F03_S3_0058,Log_PhD/wav_dataset/F03_S3_0058.wav,Statement
F03_S3_0063,Log_PhD/wav_dataset/F03_S3_0063.wav,Statement
F03_S3_0065,Log_PhD/wav_dataset/F03_S3_0065.wav,Statement
F03_S3_0067,Log_PhD/wav_dataset/F03_S3_0067.wav,Statement
F03_S3_0082,Log_PhD/wav_dataset/F03_S3_0082.wav,Statement
F03_S3_0084,Log_PhD/wav_dataset/F03_S3_0084.wav,Statement
F03_S3_0090,Log_PhD/wav_dataset/F03_S3_0090.wav,Statement
F03_S3_0097,Log_PhD/wav_dataset/F03_S3_0097.wav,whQuestion
F03_S3_0102,Log_PhD/wav_dataset/F03_S3_0102.wav,Statement
F03_S3_0105,Log_PhD/wav_dataset/F03_S3_0105.wav,Statement
F03_S3_0107,Log_PhD/wav_dataset/F03_S3_0107.wav,Statement
F03_S3_0117,Log_PhD/wav_dataset/F03_S3_0117.wav,Statement
F03_S3_0118,Log_PhD/wav_dataset/F03_S3_0118.wav,Statement
F03_S3_0119,Log_PhD/wav_dataset/F03_S3_0119.wav,Statement
F03_S3_0121,Log_PhD/wav_dataset/F03_S3_0121.wav,whQuestion
F03_S3_0122,Log_PhD/wav_dataset/F03_S3_0122.wav,ynQuestion
F03_S3_0123,Log_PhD/wav_dataset/F03_S3_0123.wav,ynQuestion
F03_S3_0127,Log_PhD/wav_dataset/F03_S3_0127.wav,whQuestion
F03_S3_0130,Log_PhD/wav_dataset/F03_S3_0130.wav,Statement
F03_S3_0133,Log_PhD/wav_dataset/F03_S3_0133.wav,Statement
F03_S3_0134,Log_PhD/wav_dataset/F03_S3_0134.wav,Statement
F03_S3_0135,Log_PhD/wav_dataset/F03_S3_0135.wav,Statement
F03_S3_0137,Log_PhD/wav_dataset/F03_S3_0137.wav,ynQuestion
F03_S3_0150,Log_PhD/wav_dataset/F03_S3_0150.wav,Statement
F03_S3_0153,Log_PhD/wav_dataset/F03_S3_0153.wav,Statement
F03_S3_0172,Log_PhD/wav_dataset/F03_S3_0172.wav,Statement
F03_S3_0174,Log_PhD/wav_dataset/F03_S3_0174.wav,Statement
F03_S3_0182,Log_PhD/wav_dataset/F03_S3_0182.wav,Statement
F03_S3_0184,Log_PhD/wav_dataset/F03_S3_0184.wav,Statement
F03_S3_0188,Log_PhD/wav_dataset/F03_S3_0188.wav,Statement
F03_S3_0190,Log_PhD/wav_dataset/F03_S3_0190.wav,whQuestion
F03_S3_0191,Log_PhD/wav_dataset/F03_S3_0191.wav,Statement
F03_S3_0192,Log_PhD/wav_dataset/F03_S3_0192.wav,ynQuestion
F03_S3_0197,Log_PhD/wav_dataset/F03_S3_0197.wav,ynQuestion
F03_S3_0199,Log_PhD/wav_dataset/F03_S3_0199.wav,Statement
F03_S3_0209,Log_PhD/wav_dataset/F03_S3_0209.wav,Statement
F03_S3_0213,Log_PhD/wav_dataset/F03_S3_0213.wav,Statement
F03_S3_0214,Log_PhD/wav_dataset/F03_S3_0214.wav,Statement
F04_S1_0001,Log_PhD/wav_dataset/F04_S1_0001.wav,Statement
F04_S1_0004,Log_PhD/wav_dataset/F04_S1_0004.wav,Statement
F04_S1_0006,Log_PhD/wav_dataset/F04_S1_0006.wav,Accept
F04_S1_0015,Log_PhD/wav_dataset/F04_S1_0015.wav,Statement
F04_S1_0025,Log_PhD/wav_dataset/F04_S1_0025.wav,Statement
F04_S1_0027,Log_PhD/wav_dataset/F04_S1_0027.wav,Statement
F04_S1_0034,Log_PhD/wav_dataset/F04_S1_0034.wav,Statement
F04_S1_0038,Log_PhD/wav_dataset/F04_S1_0038.wav,Statement
F04_S1_0042,Log_PhD/wav_dataset/F04_S1_0042.wav,Statement
F04_S1_0043,Log_PhD/wav_dataset/F04_S1_0043.wav,Statement
F04_S1_0046,Log_PhD/wav_dataset/F04_S1_0046.wav,Statement
F04_S1_0061,Log_PhD/wav_dataset/F04_S1_0061.wav,Statement
F04_S1_0063,Log_PhD/wav_dataset/F04_S1_0063.wav,whQuestion
F04_S1_0065,Log_PhD/wav_dataset/F04_S1_0065.wav,Statement
F04_S1_0067,Log_PhD/wav_dataset/F04_S1_0067.wav,Statement
F04_S1_0069,Log_PhD/wav_dataset/F04_S1_0069.wav,Statement
F04_S1_0088,Log_PhD/wav_dataset/F04_S1_0088.wav,Statement
F04_S1_0091,Log_PhD/wav_dataset/F04_S1_0091.wav,Statement
F04_S1_0092,Log_PhD/wav_dataset/F04_S1_0092.wav,Statement
F04_S1_0100,Log_PhD/wav_dataset/F04_S1_0100.wav,Statement
F04_S1_0112,Log_PhD/wav_dataset/F04_S1_0112.wav,Statement
F04_S1_0120,Log_PhD/wav_dataset/F04_S1_0120.wav,Statement
F04_S1_0130,Log_PhD/wav_dataset/F04_S1_0130.wav,Statement
F04_S1_0131,Log_PhD/wav_dataset/F04_S1_0131.wav,Statement
F04_S1_0133,Log_PhD/wav_dataset/F04_S1_0133.wav,Bye
F04_S1_0147,Log_PhD/wav_dataset/F04_S1_0147.wav,Statement
F04_S1_0148,Log_PhD/wav_dataset/F04_S1_0148.wav,Statement
F04_S1_0150,Log_PhD/wav_dataset/F04_S1_0150.wav,whQuestion
F04_S1_0159,Log_PhD/wav_dataset/F04_S1_0159.wav,Statement
F04_S1_0164,Log_PhD/wav_dataset/F04_S1_0164.wav,Statement
F04_S1_0166,Log_PhD/wav_dataset/F04_S1_0166.wav,Statement
F04_S1_0174,Log_PhD/wav_dataset/F04_S1_0174.wav,Statement
F04_S1_0177,Log_PhD/wav_dataset/F04_S1_0177.wav,Statement
F04_S1_0180,Log_PhD/wav_dataset/F04_S1_0180.wav,Statement
F04_S1_0184,Log_PhD/wav_dataset/F04_S1_0184.wav,Statement
F04_S1_0191,Log_PhD/wav_dataset/F04_S1_0191.wav,Continuer
F04_S1_0197,Log_PhD/wav_dataset/F04_S1_0197.wav,Statement
F04_S1_0198,Log_PhD/wav_dataset/F04_S1_0198.wav,Statement
F04_S2_0002,Log_PhD/wav_dataset/F04_S2_0002.wav,Statement
F04_S2_0004,Log_PhD/wav_dataset/F04_S2_0004.wav,Statement
F04_S2_0005,Log_PhD/wav_dataset/F04_S2_0005.wav,Statement
F04_S2_0009,Log_PhD/wav_dataset/F04_S2_0009.wav,Statement
F04_S2_0012,Log_PhD/wav_dataset/F04_S2_0012.wav,Statement
F04_S2_0013,Log_PhD/wav_dataset/F04_S2_0013.wav,Statement
F04_S2_0014,Log_PhD/wav_dataset/F04_S2_0014.wav,Statement
F04_S2_0019,Log_PhD/wav_dataset/F04_S2_0019.wav,Statement
F04_S2_0028,Log_PhD/wav_dataset/F04_S2_0028.wav,Statement
F04_S2_0032,Log_PhD/wav_dataset/F04_S2_0032.wav,Statement
F04_S2_0036,Log_PhD/wav_dataset/F04_S2_0036.wav,Statement
F04_S2_0041,Log_PhD/wav_dataset/F04_S2_0041.wav,Statement
F04_S2_0042,Log_PhD/wav_dataset/F04_S2_0042.wav,Statement
F04_S2_0047,Log_PhD/wav_dataset/F04_S2_0047.wav,Statement
F04_S2_0052,Log_PhD/wav_dataset/F04_S2_0052.wav,Statement
F04_S2_0053,Log_PhD/wav_dataset/F04_S2_0053.wav,Continuer
F04_S2_0055,Log_PhD/wav_dataset/F04_S2_0055.wav,Statement
F04_S2_0057,Log_PhD/wav_dataset/F04_S2_0057.wav,Statement
F04_S2_0058,Log_PhD/wav_dataset/F04_S2_0058.wav,Statement
F04_S2_0062,Log_PhD/wav_dataset/F04_S2_0062.wav,Statement
F04_S2_0072,Log_PhD/wav_dataset/F04_S2_0072.wav,Bye
F04_S2_0079,Log_PhD/wav_dataset/F04_S2_0079.wav,Statement
F04_S2_0083,Log_PhD/wav_dataset/F04_S2_0083.wav,Statement
F04_S2_0085,Log_PhD/wav_dataset/F04_S2_0085.wav,Statement
F04_S2_0088,Log_PhD/wav_dataset/F04_S2_0088.wav,Statement
F04_S2_0096,Log_PhD/wav_dataset/F04_S2_0096.wav,Statement
F04_S2_0101,Log_PhD/wav_dataset/F04_S2_0101.wav,Statement
F04_S2_0103,Log_PhD/wav_dataset/F04_S2_0103.wav,Statement
F04_S2_0108,Log_PhD/wav_dataset/F04_S2_0108.wav,Statement
F04_S2_0109,Log_PhD/wav_dataset/F04_S2_0109.wav,Statement
F04_S2_0115,Log_PhD/wav_dataset/F04_S2_0115.wav,Statement
F04_S2_0118,Log_PhD/wav_dataset/F04_S2_0118.wav,Statement
F04_S2_0119,Log_PhD/wav_dataset/F04_S2_0119.wav,Emphasis
F04_S2_0120,Log_PhD/wav_dataset/F04_S2_0120.wav,Statement
F04_S2_0126,Log_PhD/wav_dataset/F04_S2_0126.wav,Statement
F04_S2_0127,Log_PhD/wav_dataset/F04_S2_0127.wav,Statement
F04_S2_0128,Log_PhD/wav_dataset/F04_S2_0128.wav,Statement
F04_S2_0129,Log_PhD/wav_dataset/F04_S2_0129.wav,Statement
F04_S2_0140,Log_PhD/wav_dataset/F04_S2_0140.wav,Statement
F04_S2_0143,Log_PhD/wav_dataset/F04_S2_0143.wav,Statement
F04_S2_0144,Log_PhD/wav_dataset/F04_S2_0144.wav,Statement
F04_S2_0147,Log_PhD/wav_dataset/F04_S2_0147.wav,Statement
F04_S2_0148,Log_PhD/wav_dataset/F04_S2_0148.wav,Statement
F04_S2_0149,Log_PhD/wav_dataset/F04_S2_0149.wav,Statement
F04_S2_0157,Log_PhD/wav_dataset/F04_S2_0157.wav,Statement
F04_S2_0159,Log_PhD/wav_dataset/F04_S2_0159.wav,Statement
F04_S2_0161,Log_PhD/wav_dataset/F04_S2_0161.wav,Statement
F04_S2_0162,Log_PhD/wav_dataset/F04_S2_0162.wav,Statement
F04_S2_0170,Log_PhD/wav_dataset/F04_S2_0170.wav,Statement
F04_S2_0172,Log_PhD/wav_dataset/F04_S2_0172.wav,Statement
F04_S2_0176,Log_PhD/wav_dataset/F04_S2_0176.wav,Statement
F04_S2_0177,Log_PhD/wav_dataset/F04_S2_0177.wav,Statement
F04_S2_0183,Log_PhD/wav_dataset/F04_S2_0183.wav,Statement
F04_S2_0193,Log_PhD/wav_dataset/F04_S2_0193.wav,Statement
F04_S2_0200,Log_PhD/wav_dataset/F04_S2_0200.wav,Statement
F04_S2_0203,Log_PhD/wav_dataset/F04_S2_0203.wav,Statement
F04_S2_0206,Log_PhD/wav_dataset/F04_S2_0206.wav,Emphasis
F04_S2_0207,Log_PhD/wav_dataset/F04_S2_0207.wav,Statement
F04_S2_0208,Log_PhD/wav_dataset/F04_S2_0208.wav,Statement
F04_S2_0214,Log_PhD/wav_dataset/F04_S2_0214.wav,ynQuestion
F04_S2_0215,Log_PhD/wav_dataset/F04_S2_0215.wav,Statement
F04_S2_0217,Log_PhD/wav_dataset/F04_S2_0217.wav,whQuestion
F04_S2_0220,Log_PhD/wav_dataset/F04_S2_0220.wav,Statement
F04_S2_0223,Log_PhD/wav_dataset/F04_S2_0223.wav,Statement
F04_S2_0227,Log_PhD/wav_dataset/F04_S2_0227.wav,whQuestion
F04_S2_0228,Log_PhD/wav_dataset/F04_S2_0228.wav,Statement
F04_S2_0241,Log_PhD/wav_dataset/F04_S2_0241.wav,Statement
F04_S2_0243,Log_PhD/wav_dataset/F04_S2_0243.wav,Statement
F04_S2_0244,Log_PhD/wav_dataset/F04_S2_0244.wav,Statement
F04_S2_0247,Log_PhD/wav_dataset/F04_S2_0247.wav,whQuestion
F04_S2_0248,Log_PhD/wav_dataset/F04_S2_0248.wav,Statement
Fe21DS03M,Log_PhD/wav_dataset/Fe21DS03M.wav,Statement
Fe22DS04F,Log_PhD/wav_dataset/Fe22DS04F.wav,Statement
Fe23DS02F,Log_PhD/wav_dataset/Fe23DS02F.wav,whQuestion
Fe23DS03M,Log_PhD/wav_dataset/Fe23DS03M.wav,whQuestion
Fe23DS04F,Log_PhD/wav_dataset/Fe23DS04F.wav,whQuestion
Fe24DS03M,Log_PhD/wav_dataset/Fe24DS03M.wav,Statement
Fe24DS04F,Log_PhD/wav_dataset/Fe24DS04F.wav,Statement
Fe25DS02F,Log_PhD/wav_dataset/Fe25DS02F.wav,Statement
Fe25DS03M,Log_PhD/wav_dataset/Fe25DS03M.wav,Continuer
Fe25DS04F,Log_PhD/wav_dataset/Fe25DS04F.wav,Statement
Fe61DS04F,Log_PhD/wav_dataset/Fe61DS04F.wav,Emotion
Fe62DS04F,Log_PhD/wav_dataset/Fe62DS04F.wav,Statement
Fe63DS02F,Log_PhD/wav_dataset/Fe63DS02F.wav,Statement
Fe63DS04F,Log_PhD/wav_dataset/Fe63DS04F.wav,Statement
Fe64DS04F,Log_PhD/wav_dataset/Fe64DS04F.wav,Statement
Fe65DS03M ,Log_PhD/wav_dataset/Fe65DS03M .wav,Statement
Fe65DS04F,Log_PhD/wav_dataset/Fe65DS04F.wav,Statement
Ha27DS02F,Log_PhD/wav_dataset/Ha27DS02F.wav,Statement
Ha27DS03M,Log_PhD/wav_dataset/Ha27DS03M.wav,Statement
Ha28DS02F,Log_PhD/wav_dataset/Ha28DS02F.wav,whQuestion
Ha28DS03M,Log_PhD/wav_dataset/Ha28DS03M.wav,whQuestion
Ha28DS04F,Log_PhD/wav_dataset/Ha28DS04F.wav,whQuestion
Ha29DS02F,Log_PhD/wav_dataset/Ha29DS02F.wav,Statement
Ha29DS04F,Log_PhD/wav_dataset/Ha29DS04F.wav,Statement
Ha30DS02F,Log_PhD/wav_dataset/Ha30DS02F.wav,Statement
Ha30DS03M,Log_PhD/wav_dataset/Ha30DS03M.wav,Statement
Ha30DS04F,Log_PhD/wav_dataset/Ha30DS04F.wav,Statement
Ha66DS02F,Log_PhD/wav_dataset/Ha66DS02F.wav,Statement
Ha66DS04F,Log_PhD/wav_dataset/Ha66DS04F.wav,Statement
Ha67DS03M ,Log_PhD/wav_dataset/Ha67DS03M .wav,Statement
Ha68DS03M ,Log_PhD/wav_dataset/Ha68DS03M .wav,ynQuestion
Ha68DS04F,Log_PhD/wav_dataset/Ha68DS04F.wav,ynQuestion
Ha69DS02F,Log_PhD/wav_dataset/Ha69DS02F.wav,Statement
Ha69DS03M ,Log_PhD/wav_dataset/Ha69DS03M .wav,Statement
Ha69DS04F,Log_PhD/wav_dataset/Ha69DS04F.wav,Statement
Ha70DS02F,Log_PhD/wav_dataset/Ha70DS02F.wav,Reject
Ha70DS04F,Log_PhD/wav_dataset/Ha70DS04F.wav,System
M01_0001,Log_PhD/wav_dataset/M01_0001.wav,Statement
M01_0003,Log_PhD/wav_dataset/M01_0003.wav,Statement
M01_0004,Log_PhD/wav_dataset/M01_0004.wav,Statement
M01_0005,Log_PhD/wav_dataset/M01_0005.wav,Statement
M01_0009,Log_PhD/wav_dataset/M01_0009.wav,Statement
M01_0011,Log_PhD/wav_dataset/M01_0011.wav,Statement
M01_0012,Log_PhD/wav_dataset/M01_0012.wav,whQuestion
M01_0013,Log_PhD/wav_dataset/M01_0013.wav,Continuer
M01_0018,Log_PhD/wav_dataset/M01_0018.wav,whQuestion
M01_0019,Log_PhD/wav_dataset/M01_0019.wav,Statement
M01_0023,Log_PhD/wav_dataset/M01_0023.wav,whQuestion
M01_0027,Log_PhD/wav_dataset/M01_0027.wav,Statement
M01_0040,Log_PhD/wav_dataset/M01_0040.wav,Statement
M01_0041,Log_PhD/wav_dataset/M01_0041.wav,Continuer
M01_0042,Log_PhD/wav_dataset/M01_0042.wav,Statement
M01_0043,Log_PhD/wav_dataset/M01_0043.wav,Statement
M01_0053,Log_PhD/wav_dataset/M01_0053.wav,Statement
M01_0056,Log_PhD/wav_dataset/M01_0056.wav,Statement
M01_0058,Log_PhD/wav_dataset/M01_0058.wav,Statement
M01_0066,Log_PhD/wav_dataset/M01_0066.wav,Statement
M01_0077,Log_PhD/wav_dataset/M01_0077.wav,Statement
M01_0084,Log_PhD/wav_dataset/M01_0084.wav,Statement
M01_0092,Log_PhD/wav_dataset/M01_0092.wav,Statement
M02_S1_M02_S01_102,Log_PhD/wav_dataset/M02_S1_M02_S01_102.wav,Statement
M02_S1_M02_S01_105,Log_PhD/wav_dataset/M02_S1_M02_S01_105.wav,Statement
M02_S1_M02_S01_114,Log_PhD/wav_dataset/M02_S1_M02_S01_114.wav,Statement
M02_S1_M02_S01_116,Log_PhD/wav_dataset/M02_S1_M02_S01_116.wav,Statement
M02_S1_M02_S01_117,Log_PhD/wav_dataset/M02_S1_M02_S01_117.wav,Statement
M02_S1_M02_S01_12,Log_PhD/wav_dataset/M02_S1_M02_S01_12.wav,whQuestion
M02_S1_M02_S01_120,Log_PhD/wav_dataset/M02_S1_M02_S01_120.wav,Statement
M02_S1_M02_S01_125,Log_PhD/wav_dataset/M02_S1_M02_S01_125.wav,whQuestion
M02_S1_M02_S01_126,Log_PhD/wav_dataset/M02_S1_M02_S01_126.wav,Bye
M02_S1_M02_S01_129,Log_PhD/wav_dataset/M02_S1_M02_S01_129.wav,Statement
M02_S1_M02_S01_134,Log_PhD/wav_dataset/M02_S1_M02_S01_134.wav,Statement
M02_S1_M02_S01_136,Log_PhD/wav_dataset/M02_S1_M02_S01_136.wav,Statement
M02_S1_M02_S01_140,Log_PhD/wav_dataset/M02_S1_M02_S01_140.wav,Statement
M02_S1_M02_S01_149,Log_PhD/wav_dataset/M02_S1_M02_S01_149.wav,ynQuestion
M02_S1_M02_S01_151,Log_PhD/wav_dataset/M02_S1_M02_S01_151.wav,Statement
M02_S1_M02_S01_153,Log_PhD/wav_dataset/M02_S1_M02_S01_153.wav,Statement
M02_S1_M02_S01_167,Log_PhD/wav_dataset/M02_S1_M02_S01_167.wav,Statement
M02_S1_M02_S01_168,Log_PhD/wav_dataset/M02_S1_M02_S01_168.wav,Statement
M02_S1_M02_S01_171,Log_PhD/wav_dataset/M02_S1_M02_S01_171.wav,Statement
M02_S1_M02_S01_172,Log_PhD/wav_dataset/M02_S1_M02_S01_172.wav,Statement
M02_S1_M02_S01_173,Log_PhD/wav_dataset/M02_S1_M02_S01_173.wav,Statement
M02_S1_M02_S01_175,Log_PhD/wav_dataset/M02_S1_M02_S01_175.wav,Statement
M02_S1_M02_S01_182,Log_PhD/wav_dataset/M02_S1_M02_S01_182.wav,Statement
M02_S1_M02_S01_183,Log_PhD/wav_dataset/M02_S1_M02_S01_183.wav,Statement
M02_S1_M02_S01_19,Log_PhD/wav_dataset/M02_S1_M02_S01_19.wav,Statement
M02_S1_M02_S01_195,Log_PhD/wav_dataset/M02_S1_M02_S01_195.wav,ynQuestion
M02_S1_M02_S01_196,Log_PhD/wav_dataset/M02_S1_M02_S01_196.wav,Statement
M02_S1_M02_S01_197,Log_PhD/wav_dataset/M02_S1_M02_S01_197.wav,Statement
M02_S1_M02_S01_2,Log_PhD/wav_dataset/M02_S1_M02_S01_2.wav,Emphasis
M02_S1_M02_S01_202,Log_PhD/wav_dataset/M02_S1_M02_S01_202.wav,Statement
M02_S1_M02_S01_207,Log_PhD/wav_dataset/M02_S1_M02_S01_207.wav,Statement
M02_S1_M02_S01_209,Log_PhD/wav_dataset/M02_S1_M02_S01_209.wav,Statement
M02_S1_M02_S01_214,Log_PhD/wav_dataset/M02_S1_M02_S01_214.wav,Statement
M02_S1_M02_S01_216,Log_PhD/wav_dataset/M02_S1_M02_S01_216.wav,Statement
M02_S1_M02_S01_221,Log_PhD/wav_dataset/M02_S1_M02_S01_221.wav,Statement
M02_S1_M02_S01_225,Log_PhD/wav_dataset/M02_S1_M02_S01_225.wav,Statement
M02_S1_M02_S01_231,Log_PhD/wav_dataset/M02_S1_M02_S01_231.wav,Statement
M02_S1_M02_S01_235,Log_PhD/wav_dataset/M02_S1_M02_S01_235.wav,whQuestion
M02_S1_M02_S01_237,Log_PhD/wav_dataset/M02_S1_M02_S01_237.wav,Statement
M02_S1_M02_S01_33,Log_PhD/wav_dataset/M02_S1_M02_S01_33.wav,Statement
M02_S1_M02_S01_34,Log_PhD/wav_dataset/M02_S1_M02_S01_34.wav,whQuestion
M02_S1_M02_S01_35,Log_PhD/wav_dataset/M02_S1_M02_S01_35.wav,Statement
M02_S1_M02_S01_43,Log_PhD/wav_dataset/M02_S1_M02_S01_43.wav,Statement
M02_S1_M02_S01_51,Log_PhD/wav_dataset/M02_S1_M02_S01_51.wav,Statement
M02_S1_M02_S01_54,Log_PhD/wav_dataset/M02_S1_M02_S01_54.wav,Statement
M02_S1_M02_S01_61,Log_PhD/wav_dataset/M02_S1_M02_S01_61.wav,Statement
M02_S1_M02_S01_65,Log_PhD/wav_dataset/M02_S1_M02_S01_65.wav,Statement
M02_S1_M02_S01_66,Log_PhD/wav_dataset/M02_S1_M02_S01_66.wav,Continuer
M02_S1_M02_S01_70,Log_PhD/wav_dataset/M02_S1_M02_S01_70.wav,Statement
M02_S1_M02_S01_79,Log_PhD/wav_dataset/M02_S1_M02_S01_79.wav,Statement
M02_S1_M02_S01_91,Log_PhD/wav_dataset/M02_S1_M02_S01_91.wav,Statement
M02_S1_M02_S01_97,Log_PhD/wav_dataset/M02_S1_M02_S01_97.wav,whQuestion
M02_S2_0074,Log_PhD/wav_dataset/M02_S2_0074.wav,Reject
M02_S2_0088,Log_PhD/wav_dataset/M02_S2_0088.wav,whQuestion
M02_S2_0090,Log_PhD/wav_dataset/M02_S2_0090.wav,Statement
M02_S2_0098,Log_PhD/wav_dataset/M02_S2_0098.wav,Statement
M02_S2_0104,Log_PhD/wav_dataset/M02_S2_0104.wav,Statement
M02_S2_0111,Log_PhD/wav_dataset/M02_S2_0111.wav,Statement
M02_S2_0117,Log_PhD/wav_dataset/M02_S2_0117.wav,Statement
M02_S2_0121,Log_PhD/wav_dataset/M02_S2_0121.wav,Statement
M02_S2_0128,Log_PhD/wav_dataset/M02_S2_0128.wav,Reject
M02_S2_0131,Log_PhD/wav_dataset/M02_S2_0131.wav,Greet
M02_S2_0133,Log_PhD/wav_dataset/M02_S2_0133.wav,Statement
M02_S2_0134,Log_PhD/wav_dataset/M02_S2_0134.wav,Statement
M02_S2_0137,Log_PhD/wav_dataset/M02_S2_0137.wav,Statement
M02_S2_0139,Log_PhD/wav_dataset/M02_S2_0139.wav,Statement
M02_S2_0154,Log_PhD/wav_dataset/M02_S2_0154.wav,Statement
M02_S2_0160,Log_PhD/wav_dataset/M02_S2_0160.wav,Statement
M02_S2_0163,Log_PhD/wav_dataset/M02_S2_0163.wav,whQuestion
M02_S2_0178,Log_PhD/wav_dataset/M02_S2_0178.wav,Statement
M02_S2_0186,Log_PhD/wav_dataset/M02_S2_0186.wav,Statement
M02_S2_0190,Log_PhD/wav_dataset/M02_S2_0190.wav,Statement
M02_S2_0191,Log_PhD/wav_dataset/M02_S2_0191.wav,Statement
M02_S2_0193,Log_PhD/wav_dataset/M02_S2_0193.wav,Statement
M02_S2_0194,Log_PhD/wav_dataset/M02_S2_0194.wav,Continuer
M02_S2_0195,Log_PhD/wav_dataset/M02_S2_0195.wav,Statement
M02_S2_0200,Log_PhD/wav_dataset/M02_S2_0200.wav,Statement
M02_S2_0202,Log_PhD/wav_dataset/M02_S2_0202.wav,whQuestion
M02_S2_0204,Log_PhD/wav_dataset/M02_S2_0204.wav,Statement
M02_S2_0207,Log_PhD/wav_dataset/M02_S2_0207.wav,Statement
M02_S2_0209,Log_PhD/wav_dataset/M02_S2_0209.wav,whQuestion
M02_S2_0212,Log_PhD/wav_dataset/M02_S2_0212.wav,Statement
M02_S2_0213,Log_PhD/wav_dataset/M02_S2_0213.wav,Statement
M02_S2_0228,Log_PhD/wav_dataset/M02_S2_0228.wav,whQuestion
M02_S2_0235,Log_PhD/wav_dataset/M02_S2_0235.wav,Statement
M02_S2_0237,Log_PhD/wav_dataset/M02_S2_0237.wav,Statement
M03_0001,Log_PhD/wav_dataset/M03_0001.wav,Statement
M03_0008,Log_PhD/wav_dataset/M03_0008.wav,Statement
M03_0013,Log_PhD/wav_dataset/M03_0013.wav,Statement
M03_0014,Log_PhD/wav_dataset/M03_0014.wav,Statement
M03_0029,Log_PhD/wav_dataset/M03_0029.wav,Statement
M03_0045,Log_PhD/wav_dataset/M03_0045.wav,Statement
M03_0057,Log_PhD/wav_dataset/M03_0057.wav,Statement
M03_0065,Log_PhD/wav_dataset/M03_0065.wav,Statement
M03_0073,Log_PhD/wav_dataset/M03_0073.wav,Statement
M03_0074,Log_PhD/wav_dataset/M03_0074.wav,ynQuestion
M03_0096,Log_PhD/wav_dataset/M03_0096.wav,Statement
M03_0098,Log_PhD/wav_dataset/M03_0098.wav,Statement
M03_0099,Log_PhD/wav_dataset/M03_0099.wav,Statement
M03_0100,Log_PhD/wav_dataset/M03_0100.wav,Statement
M03_0101,Log_PhD/wav_dataset/M03_0101.wav,Statement
M03_0102,Log_PhD/wav_dataset/M03_0102.wav,Statement
M03_0107,Log_PhD/wav_dataset/M03_0107.wav,Statement
M03_0111,Log_PhD/wav_dataset/M03_0111.wav,Statement
M03_0115,Log_PhD/wav_dataset/M03_0115.wav,Statement
M03_0117,Log_PhD/wav_dataset/M03_0117.wav,Statement
M03_0118,Log_PhD/wav_dataset/M03_0118.wav,whQuestion
M03_0119,Log_PhD/wav_dataset/M03_0119.wav,Statement
M03_0128,Log_PhD/wav_dataset/M03_0128.wav,Statement
M03_0135,Log_PhD/wav_dataset/M03_0135.wav,ynQuestion
M03_0138,Log_PhD/wav_dataset/M03_0138.wav,Statement
M03_0144,Log_PhD/wav_dataset/M03_0144.wav,Statement
M03_0151,Log_PhD/wav_dataset/M03_0151.wav,Continuer
M03_0155,Log_PhD/wav_dataset/M03_0155.wav,Statement
M03_0162,Log_PhD/wav_dataset/M03_0162.wav,Statement
M03_0164,Log_PhD/wav_dataset/M03_0164.wav,Statement
M03_0165,Log_PhD/wav_dataset/M03_0165.wav,Statement
M03_0166,Log_PhD/wav_dataset/M03_0166.wav,Statement
M03_0168,Log_PhD/wav_dataset/M03_0168.wav,Statement
M03_0179,Log_PhD/wav_dataset/M03_0179.wav,Statement
M03_0182,Log_PhD/wav_dataset/M03_0182.wav,Statement
M03_0183,Log_PhD/wav_dataset/M03_0183.wav,Statement
M03_0184,Log_PhD/wav_dataset/M03_0184.wav,Statement
M03_0185,Log_PhD/wav_dataset/M03_0185.wav,Statement
M03_0187,Log_PhD/wav_dataset/M03_0187.wav,Statement
M03_0192,Log_PhD/wav_dataset/M03_0192.wav,whQuestion
M03_0194,Log_PhD/wav_dataset/M03_0194.wav,Statement
M03_0196,Log_PhD/wav_dataset/M03_0196.wav,Statement
M03_0198,Log_PhD/wav_dataset/M03_0198.wav,Statement
M03_0199,Log_PhD/wav_dataset/M03_0199.wav,Statement
M03_0209,Log_PhD/wav_dataset/M03_0209.wav,Statement
M03_0211,Log_PhD/wav_dataset/M03_0211.wav,Statement
M03_0213,Log_PhD/wav_dataset/M03_0213.wav,Statement
M03_0218,Log_PhD/wav_dataset/M03_0218.wav,Statement
M03_0219,Log_PhD/wav_dataset/M03_0219.wav,Statement
M03_0221,Log_PhD/wav_dataset/M03_0221.wav,Bye
M03_0222,Log_PhD/wav_dataset/M03_0222.wav,Statement
M03_0241,Log_PhD/wav_dataset/M03_0241.wav,Statement
M03_0244,Log_PhD/wav_dataset/M03_0244.wav,Statement
M03_0245,Log_PhD/wav_dataset/M03_0245.wav,Statement
M03_0249,Log_PhD/wav_dataset/M03_0249.wav,Statement
M03_0250,Log_PhD/wav_dataset/M03_0250.wav,Statement
M03_0256,Log_PhD/wav_dataset/M03_0256.wav,Statement
M03_0257,Log_PhD/wav_dataset/M03_0257.wav,Statement
M03_0260,Log_PhD/wav_dataset/M03_0260.wav,Statement
M03_0271,Log_PhD/wav_dataset/M03_0271.wav,Statement
M03_0273,Log_PhD/wav_dataset/M03_0273.wav,Statement
M03_0275,Log_PhD/wav_dataset/M03_0275.wav,Statement
M03_0277,Log_PhD/wav_dataset/M03_0277.wav,Statement
M03_0278,Log_PhD/wav_dataset/M03_0278.wav,Statement
M03_0286,Log_PhD/wav_dataset/M03_0286.wav,Statement
M03_0287,Log_PhD/wav_dataset/M03_0287.wav,Continuer
M03_0300,Log_PhD/wav_dataset/M03_0300.wav,Statement
M03_0301,Log_PhD/wav_dataset/M03_0301.wav,Statement
M03_0303,Log_PhD/wav_dataset/M03_0303.wav,Statement
M03_0312,Log_PhD/wav_dataset/M03_0312.wav,Bye
M03_0318,Log_PhD/wav_dataset/M03_0318.wav,Statement
M03_0320,Log_PhD/wav_dataset/M03_0320.wav,Statement
M03_0328,Log_PhD/wav_dataset/M03_0328.wav,Statement
M03_0329,Log_PhD/wav_dataset/M03_0329.wav,Statement
M03_0331,Log_PhD/wav_dataset/M03_0331.wav,Statement
M03_0338,Log_PhD/wav_dataset/M03_0338.wav,Statement
M03_0339,Log_PhD/wav_dataset/M03_0339.wav,Statement
M03_0344,Log_PhD/wav_dataset/M03_0344.wav,Statement
M03_0346,Log_PhD/wav_dataset/M03_0346.wav,Emphasis
M03_0351,Log_PhD/wav_dataset/M03_0351.wav,Statement
M03_0355,Log_PhD/wav_dataset/M03_0355.wav,Statement
M03_0361,Log_PhD/wav_dataset/M03_0361.wav,Statement
M03_0362,Log_PhD/wav_dataset/M03_0362.wav,ynQuestion
M03_0368,Log_PhD/wav_dataset/M03_0368.wav,Statement
M03_0373,Log_PhD/wav_dataset/M03_0373.wav,Statement
M03_0374,Log_PhD/wav_dataset/M03_0374.wav,Statement
M03_0377,Log_PhD/wav_dataset/M03_0377.wav,Statement
M03_0378,Log_PhD/wav_dataset/M03_0378.wav,Emphasis
M03_0379,Log_PhD/wav_dataset/M03_0379.wav,Statement
M03_0380,Log_PhD/wav_dataset/M03_0380.wav,Statement
M03_0381,Log_PhD/wav_dataset/M03_0381.wav,Statement
M03_0388,Log_PhD/wav_dataset/M03_0388.wav,Statement
M03_0391,Log_PhD/wav_dataset/M03_0391.wav,whQuestion
M03_0398,Log_PhD/wav_dataset/M03_0398.wav,Statement
M03_0400,Log_PhD/wav_dataset/M03_0400.wav,Statement
M03_0404,Log_PhD/wav_dataset/M03_0404.wav,Statement
M03_0410,Log_PhD/wav_dataset/M03_0410.wav,Statement
M03_0415,Log_PhD/wav_dataset/M03_0415.wav,Statement
M03_0420,Log_PhD/wav_dataset/M03_0420.wav,ynQuestion
M03_0421,Log_PhD/wav_dataset/M03_0421.wav,Statement
M04_S1_0003,Log_PhD/wav_dataset/M04_S1_0003.wav,Statement
M04_S1_0012,Log_PhD/wav_dataset/M04_S1_0012.wav,Statement
M04_S1_0054,Log_PhD/wav_dataset/M04_S1_0054.wav,Statement
M04_S1_0063,Log_PhD/wav_dataset/M04_S1_0063.wav,Greet
M04_S1_0064,Log_PhD/wav_dataset/M04_S1_0064.wav,Statement
M04_S1_0076,Log_PhD/wav_dataset/M04_S1_0076.wav,Continuer
M04_S1_0077,Log_PhD/wav_dataset/M04_S1_0077.wav,Statement
M04_S1_0082,Log_PhD/wav_dataset/M04_S1_0082.wav,Statement
M04_S1_0120,Log_PhD/wav_dataset/M04_S1_0120.wav,Statement
M04_S2_0001,Log_PhD/wav_dataset/M04_S2_0001.wav,Statement
M04_S2_0007,Log_PhD/wav_dataset/M04_S2_0007.wav,Statement
M04_S2_0014,Log_PhD/wav_dataset/M04_S2_0014.wav,Statement
M04_S2_0024,Log_PhD/wav_dataset/M04_S2_0024.wav,Statement
M04_S2_0027,Log_PhD/wav_dataset/M04_S2_0027.wav,Continuer
M04_S2_0029,Log_PhD/wav_dataset/M04_S2_0029.wav,Statement
M04_S2_0038,Log_PhD/wav_dataset/M04_S2_0038.wav,Statement
M04_S2_0045,Log_PhD/wav_dataset/M04_S2_0045.wav,Statement
M04_S2_0046,Log_PhD/wav_dataset/M04_S2_0046.wav,Statement
M04_S2_0048,Log_PhD/wav_dataset/M04_S2_0048.wav,Continuer
M04_S2_0052,Log_PhD/wav_dataset/M04_S2_0052.wav,Continuer
M04_S2_0098,Log_PhD/wav_dataset/M04_S2_0098.wav,Statement
M04_S2_0133,Log_PhD/wav_dataset/M04_S2_0133.wav,Statement
M04_S2_0153,Log_PhD/wav_dataset/M04_S2_0153.wav,Statement
M04_S2_0156,Log_PhD/wav_dataset/M04_S2_0156.wav,Statement
M04_S2_0160,Log_PhD/wav_dataset/M04_S2_0160.wav,ynQuestion
M04_S2_0172,Log_PhD/wav_dataset/M04_S2_0172.wav,Statement
M04_S2_0174,Log_PhD/wav_dataset/M04_S2_0174.wav,Statement
M04_S2_0182,Log_PhD/wav_dataset/M04_S2_0182.wav,Statement
M04_S2_0187,Log_PhD/wav_dataset/M04_S2_0187.wav,whQuestion
M04_S2_0189,Log_PhD/wav_dataset/M04_S2_0189.wav,Statement
M04_S2_0194,Log_PhD/wav_dataset/M04_S2_0194.wav,ynQuestion
M04_S2_0202,Log_PhD/wav_dataset/M04_S2_0202.wav,Statement
M04_S2_0208,Log_PhD/wav_dataset/M04_S2_0208.wav,whQuestion
M04_S2_0216,Log_PhD/wav_dataset/M04_S2_0216.wav,Statement
M04_S2_0220,Log_PhD/wav_dataset/M04_S2_0220.wav,Statement
M04_S2_0231,Log_PhD/wav_dataset/M04_S2_0231.wav,Emphasis
M04_S2_0236,Log_PhD/wav_dataset/M04_S2_0236.wav,Continuer
M04_S2_0248,Log_PhD/wav_dataset/M04_S2_0248.wav,Statement
M04_S2_0253,Log_PhD/wav_dataset/M04_S2_0253.wav,Statement
M04_S2_0264,Log_PhD/wav_dataset/M04_S2_0264.wav,Greet
M04_S2_0274,Log_PhD/wav_dataset/M04_S2_0274.wav,Statement
M04_S2_0291,Log_PhD/wav_dataset/M04_S2_0291.wav,ynQuestion
M04_S2_0292,Log_PhD/wav_dataset/M04_S2_0292.wav,Statement
M05_S02_1,Log_PhD/wav_dataset/M05_S02_1.wav,whQuestion
M05_S02_100,Log_PhD/wav_dataset/M05_S02_100.wav,Statement
M05_S02_106,Log_PhD/wav_dataset/M05_S02_106.wav,Statement
M05_S02_12,Log_PhD/wav_dataset/M05_S02_12.wav,Statement
M05_S02_121,Log_PhD/wav_dataset/M05_S02_121.wav,Statement
M05_S02_123,Log_PhD/wav_dataset/M05_S02_123.wav,Statement
M05_S02_129,Log_PhD/wav_dataset/M05_S02_129.wav,Statement
M05_S02_130,Log_PhD/wav_dataset/M05_S02_130.wav,Continuer
M05_S02_133,Log_PhD/wav_dataset/M05_S02_133.wav,Statement
M05_S02_137,Log_PhD/wav_dataset/M05_S02_137.wav,Statement
M05_S02_14,Log_PhD/wav_dataset/M05_S02_14.wav,Statement
M05_S02_144,Log_PhD/wav_dataset/M05_S02_144.wav,Statement
M05_S02_145,Log_PhD/wav_dataset/M05_S02_145.wav,Statement
M05_S02_146,Log_PhD/wav_dataset/M05_S02_146.wav,Statement
M05_S02_149,Log_PhD/wav_dataset/M05_S02_149.wav,whQuestion
M05_S02_150,Log_PhD/wav_dataset/M05_S02_150.wav,whQuestion
M05_S02_151,Log_PhD/wav_dataset/M05_S02_151.wav,Statement
M05_S02_154,Log_PhD/wav_dataset/M05_S02_154.wav,Statement
M05_S02_162,Log_PhD/wav_dataset/M05_S02_162.wav,Statement
M05_S02_164,Log_PhD/wav_dataset/M05_S02_164.wav,Statement
M05_S02_165,Log_PhD/wav_dataset/M05_S02_165.wav,Statement
M05_S02_169,Log_PhD/wav_dataset/M05_S02_169.wav,Statement
M05_S02_175,Log_PhD/wav_dataset/M05_S02_175.wav,Statement
M05_S02_178,Log_PhD/wav_dataset/M05_S02_178.wav,Statement
M05_S02_18,Log_PhD/wav_dataset/M05_S02_18.wav,Statement
M05_S02_185,Log_PhD/wav_dataset/M05_S02_185.wav,Statement
M05_S02_188,Log_PhD/wav_dataset/M05_S02_188.wav,Statement
M05_S02_191,Log_PhD/wav_dataset/M05_S02_191.wav,Statement
M05_S02_196,Log_PhD/wav_dataset/M05_S02_196.wav,Statement
M05_S02_200,Log_PhD/wav_dataset/M05_S02_200.wav,Statement
M05_S02_203,Log_PhD/wav_dataset/M05_S02_203.wav,Statement
M05_S02_206,Log_PhD/wav_dataset/M05_S02_206.wav,Statement
M05_S02_211,Log_PhD/wav_dataset/M05_S02_211.wav,Statement
M05_S02_212,Log_PhD/wav_dataset/M05_S02_212.wav,Statement
M05_S02_214,Log_PhD/wav_dataset/M05_S02_214.wav,Statement
M05_S02_215,Log_PhD/wav_dataset/M05_S02_215.wav,ynQuestion
M05_S02_218,Log_PhD/wav_dataset/M05_S02_218.wav,Continuer
M05_S02_235,Log_PhD/wav_dataset/M05_S02_235.wav,Statement
M05_S02_237,Log_PhD/wav_dataset/M05_S02_237.wav,Statement
M05_S02_238,Log_PhD/wav_dataset/M05_S02_238.wav,Statement
M05_S02_240,Log_PhD/wav_dataset/M05_S02_240.wav,Statement
M05_S02_241,Log_PhD/wav_dataset/M05_S02_241.wav,Emphasis
M05_S02_242,Log_PhD/wav_dataset/M05_S02_242.wav,Statement
M05_S02_245,Log_PhD/wav_dataset/M05_S02_245.wav,Statement
M05_S02_25,Log_PhD/wav_dataset/M05_S02_25.wav,Statement
M05_S02_255,Log_PhD/wav_dataset/M05_S02_255.wav,Statement
M05_S02_259,Log_PhD/wav_dataset/M05_S02_259.wav,Statement
M05_S02_26,Log_PhD/wav_dataset/M05_S02_26.wav,Statement
M05_S02_27,Log_PhD/wav_dataset/M05_S02_27.wav,Statement
M05_S02_273,Log_PhD/wav_dataset/M05_S02_273.wav,Statement
M05_S02_274,Log_PhD/wav_dataset/M05_S02_274.wav,ynQuestion
M05_S02_275,Log_PhD/wav_dataset/M05_S02_275.wav,Statement
M05_S02_278,Log_PhD/wav_dataset/M05_S02_278.wav,Statement
M05_S02_285,Log_PhD/wav_dataset/M05_S02_285.wav,Statement
M05_S02_286,Log_PhD/wav_dataset/M05_S02_286.wav,whQuestion
M05_S02_290,Log_PhD/wav_dataset/M05_S02_290.wav,Statement
M05_S02_291,Log_PhD/wav_dataset/M05_S02_291.wav,Statement
M05_S02_306,Log_PhD/wav_dataset/M05_S02_306.wav,Statement
M05_S02_312,Log_PhD/wav_dataset/M05_S02_312.wav,Statement
M05_S02_313,Log_PhD/wav_dataset/M05_S02_313.wav,ynQuestion
M05_S02_319,Log_PhD/wav_dataset/M05_S02_319.wav,Statement
M05_S02_320,Log_PhD/wav_dataset/M05_S02_320.wav,Statement
M05_S02_364,Log_PhD/wav_dataset/M05_S02_364.wav,Statement
M05_S02_366,Log_PhD/wav_dataset/M05_S02_366.wav,Statement
M05_S02_367,Log_PhD/wav_dataset/M05_S02_367.wav,Statement
M05_S02_368,Log_PhD/wav_dataset/M05_S02_368.wav,Statement
M05_S02_37,Log_PhD/wav_dataset/M05_S02_37.wav,Statement
M05_S02_380,Log_PhD/wav_dataset/M05_S02_380.wav,ynQuestion
M05_S02_381,Log_PhD/wav_dataset/M05_S02_381.wav,ynQuestion
M05_S02_382,Log_PhD/wav_dataset/M05_S02_382.wav,yAnswer
M05_S02_384,Log_PhD/wav_dataset/M05_S02_384.wav,Statement
M05_S02_386,Log_PhD/wav_dataset/M05_S02_386.wav,Statement
M05_S02_389,Log_PhD/wav_dataset/M05_S02_389.wav,Statement
M05_S02_391,Log_PhD/wav_dataset/M05_S02_391.wav,Statement
M05_S02_392,Log_PhD/wav_dataset/M05_S02_392.wav,Statement
M05_S02_41,Log_PhD/wav_dataset/M05_S02_41.wav,Statement
M05_S02_42,Log_PhD/wav_dataset/M05_S02_42.wav,Statement
M05_S02_48,Log_PhD/wav_dataset/M05_S02_48.wav,Statement
M05_S02_50,Log_PhD/wav_dataset/M05_S02_50.wav,Statement
M05_S02_55,Log_PhD/wav_dataset/M05_S02_55.wav,whQuestion
M05_S02_56,Log_PhD/wav_dataset/M05_S02_56.wav,Statement
M05_S02_59,Log_PhD/wav_dataset/M05_S02_59.wav,Statement
M05_S02_65,Log_PhD/wav_dataset/M05_S02_65.wav,Statement
M05_S02_67,Log_PhD/wav_dataset/M05_S02_67.wav,Statement
M05_S02_68,Log_PhD/wav_dataset/M05_S02_68.wav,Statement
M05_S02_7,Log_PhD/wav_dataset/M05_S02_7.wav,Statement
M05_S02_75,Log_PhD/wav_dataset/M05_S02_75.wav,Statement
M05_S02_77,Log_PhD/wav_dataset/M05_S02_77.wav,Greet
M05_S02_80,Log_PhD/wav_dataset/M05_S02_80.wav,whQuestion
M05_S02_81,Log_PhD/wav_dataset/M05_S02_81.wav,Statement
M05_S02_84,Log_PhD/wav_dataset/M05_S02_84.wav,Statement
M05_S02_86,Log_PhD/wav_dataset/M05_S02_86.wav,ynQuestion
M05_S02_87,Log_PhD/wav_dataset/M05_S02_87.wav,Statement
M05_S02_90,Log_PhD/wav_dataset/M05_S02_90.wav,Statement
M05_S02_95,Log_PhD/wav_dataset/M05_S02_95.wav,Statement
M05_S02_99,Log_PhD/wav_dataset/M05_S02_99.wav,Statement
M05_S1_0010,Log_PhD/wav_dataset/M05_S1_0010.wav,Emphasis
M05_S1_0015,Log_PhD/wav_dataset/M05_S1_0015.wav,Statement
M05_S1_0019,Log_PhD/wav_dataset/M05_S1_0019.wav,Statement
M05_S1_0025,Log_PhD/wav_dataset/M05_S1_0025.wav,Reject
M05_S1_0027,Log_PhD/wav_dataset/M05_S1_0027.wav,Statement
M05_S1_0028,Log_PhD/wav_dataset/M05_S1_0028.wav,Statement
M05_S1_0056,Log_PhD/wav_dataset/M05_S1_0056.wav,Statement
M05_S1_0057,Log_PhD/wav_dataset/M05_S1_0057.wav,Statement
M05_S1_0061,Log_PhD/wav_dataset/M05_S1_0061.wav,Statement
M05_S1_0062,Log_PhD/wav_dataset/M05_S1_0062.wav,ynQuestion
M05_S1_0074,Log_PhD/wav_dataset/M05_S1_0074.wav,Statement
M05_S1_0077,Log_PhD/wav_dataset/M05_S1_0077.wav,Accept
M05_S1_0078,Log_PhD/wav_dataset/M05_S1_0078.wav,Bye
M05_S1_0089,Log_PhD/wav_dataset/M05_S1_0089.wav,Statement
M05_S1_0094,Log_PhD/wav_dataset/M05_S1_0094.wav,Statement
M05_S1_0101,Log_PhD/wav_dataset/M05_S1_0101.wav,Bye
M05_S1_0104,Log_PhD/wav_dataset/M05_S1_0104.wav,Statement
Ne01DS02F,Log_PhD/wav_dataset/Ne01DS02F.wav,Bye
Ne01DS03M,Log_PhD/wav_dataset/Ne01DS03M.wav,Statement
Ne01DS04F,Log_PhD/wav_dataset/Ne01DS04F.wav,Statement
Ne02DS04F,Log_PhD/wav_dataset/Ne02DS04F.wav,Statement
Ne03DS02F,Log_PhD/wav_dataset/Ne03DS02F.wav,whQuestion
Ne03DS03M,Log_PhD/wav_dataset/Ne03DS03M.wav,whQuestion
Ne03DS04F,Log_PhD/wav_dataset/Ne03DS04F.wav,whQuestion
Ne04DS02F,Log_PhD/wav_dataset/Ne04DS02F.wav,Statement
Ne04DS03M,Log_PhD/wav_dataset/Ne04DS03M.wav,Statement
Ne04DS04F,Log_PhD/wav_dataset/Ne04DS04F.wav,whQuestion
Ne05DS02F,Log_PhD/wav_dataset/Ne05DS02F.wav,Continuer
Ne05DS03M,Log_PhD/wav_dataset/Ne05DS03M.wav,Continuer
Ne05DS04F,Log_PhD/wav_dataset/Ne05DS04F.wav,Continuer
Ne06DS02F,Log_PhD/wav_dataset/Ne06DS02F.wav,Greet
Ne06DS03M,Log_PhD/wav_dataset/Ne06DS03M.wav,Greet
Ne06DS04F,Log_PhD/wav_dataset/Ne06DS04F.wav,Greet
Ne07DS02F,Log_PhD/wav_dataset/Ne07DS02F.wav,Statement
Ne07DS03M,Log_PhD/wav_dataset/Ne07DS03M.wav,Statement
Ne07DS04F,Log_PhD/wav_dataset/Ne07DS04F.wav,Statement
Ne08DS02F,Log_PhD/wav_dataset/Ne08DS02F.wav,Statement
Ne08DS03M,Log_PhD/wav_dataset/Ne08DS03M.wav,nAnswer
Ne08DS04F,Log_PhD/wav_dataset/Ne08DS04F.wav,nAnswer
Ne09DS02F,Log_PhD/wav_dataset/Ne09DS02F.wav,whQuestion
Ne09DS03M,Log_PhD/wav_dataset/Ne09DS03M.wav,Statement
Ne09DS04F,Log_PhD/wav_dataset/Ne09DS04F.wav,whQuestion
Ne10DS02F,Log_PhD/wav_dataset/Ne10DS02F.wav,Statement
Ne10DS04F,Log_PhD/wav_dataset/Ne10DS04F.wav,Statement
Ne41DS02F,Log_PhD/wav_dataset/Ne41DS02F.wav,Statement
Ne41DS04F,Log_PhD/wav_dataset/Ne41DS04F.wav,Statement
Ne42DS02F,Log_PhD/wav_dataset/Ne42DS02F.wav,Statement
Ne42DS04F,Log_PhD/wav_dataset/Ne42DS04F.wav,Statement
Ne43DS02F,Log_PhD/wav_dataset/Ne43DS02F.wav,Statement
Ne43DS03M,Log_PhD/wav_dataset/Ne43DS03M.wav,Statement
Ne43DS04F,Log_PhD/wav_dataset/Ne43DS04F.wav,Statement
Ne44DS02F,Log_PhD/wav_dataset/Ne44DS02F.wav,Continuer
Ne44DS03M,Log_PhD/wav_dataset/Ne44DS03M.wav,Statement
Ne44DS04F,Log_PhD/wav_dataset/Ne44DS04F.wav,Statement
Ne45DS04F,Log_PhD/wav_dataset/Ne45DS04F.wav,Statement
Ne46DS04F,Log_PhD/wav_dataset/Ne46DS04F.wav,Statement
Ne47DS02F,Log_PhD/wav_dataset/Ne47DS02F.wav,ynQuestion
Ne47DS04F,Log_PhD/wav_dataset/Ne47DS04F.wav,ynQuestion
Ne48DS02F,Log_PhD/wav_dataset/Ne48DS02F.wav,Statement
Ne48DS03M,Log_PhD/wav_dataset/Ne48DS03M.wav,Statement
Ne48DS04F,Log_PhD/wav_dataset/Ne48DS04F.wav,Statement
Ne49DS02F,Log_PhD/wav_dataset/Ne49DS02F.wav,Statement
Ne49DS04F,Log_PhD/wav_dataset/Ne49DS04F.wav,Statement
Ne50DS02F,Log_PhD/wav_dataset/Ne50DS02F.wav,Statement
Ne50DS03M,Log_PhD/wav_dataset/Ne50DS03M.wav,Continuer
Ne50DS04F,Log_PhD/wav_dataset/Ne50DS04F.wav,Statement
Sa33DS02F,Log_PhD/wav_dataset/Sa33DS02F.wav,whQuestion
Sa33DS03M,Log_PhD/wav_dataset/Sa33DS03M.wav,whQuestion
Sa33DS04F,Log_PhD/wav_dataset/Sa33DS04F.wav,whQuestion
Sa34DS02F,Log_PhD/wav_dataset/Sa34DS02F.wav,ynQuestion
Sa34DS04F,Log_PhD/wav_dataset/Sa34DS04F.wav,ynQuestion
Sa35DS02F,Log_PhD/wav_dataset/Sa35DS02F.wav,Statement
Sa35DS03M,Log_PhD/wav_dataset/Sa35DS03M.wav,Statement
Sa35DS04F,Log_PhD/wav_dataset/Sa35DS04F.wav,Statement
Sa71DS02F,Log_PhD/wav_dataset/Sa71DS02F.wav,Statement
Sa71DS04F,Log_PhD/wav_dataset/Sa71DS04F.wav,Statement
Sa73DS02F,Log_PhD/wav_dataset/Sa73DS02F.wav,Continuer
Sa73DS03M,Log_PhD/wav_dataset/Sa73DS03M.wav,Continuer
Sa73DS04F,Log_PhD/wav_dataset/Sa73DS04F.wav,Continuer
Sa75DS02F,Log_PhD/wav_dataset/Sa75DS02F.wav,Statement
Sa75DS03M,Log_PhD/wav_dataset/Sa75DS03M.wav,Statement
Sa75DS04F,Log_PhD/wav_dataset/Sa75DS04F.wav,Statement
Su37DS04F,Log_PhD/wav_dataset/Su37DS04F.wav,Statement
Su38DS02F,Log_PhD/wav_dataset/Su38DS02F.wav,whQuestion
Su38DS03M,Log_PhD/wav_dataset/Su38DS03M.wav,whQuestion
Su38DS04F,Log_PhD/wav_dataset/Su38DS04F.wav,whQuestion
Su39DS04F,Log_PhD/wav_dataset/Su39DS04F.wav,Statement
Su40DS04F,Log_PhD/wav_dataset/Su40DS04F.wav,Statement
Su76DS03M,Log_PhD/wav_dataset/Su76DS03M.wav,Statement
Su76DS04F,Log_PhD/wav_dataset/Su76DS04F.wav,Statement
Su77DS04F,Log_PhD/wav_dataset/Su77DS04F.wav,Statement
Su78DS03M,Log_PhD/wav_dataset/Su78DS03M.wav,Statement
Su78DS04F,Log_PhD/wav_dataset/Su78DS04F.wav,Statement
Su79DS04F,Log_PhD/wav_dataset/Su79DS04F.wav,Statement
Su80DS02F,Log_PhD/wav_dataset/Su80DS02F.wav,Statement
